{"cameraMode":{"drawMode":0,"name":"Shaded","section":"Shading Mode"},"sceneLighting":true,"audioPlay":false,"sceneViewState":{"showFog":true,"showMaterialUpdate":true,"showSkybox":true,"showFlares":true,"showImageEffects":true,"showParticleSystems":true},"in2DMode":false,"pivot":{"x":0.8911406397819519,"y":-3.260279655456543,"z":15.21352767944336},"rotation":{"x":-0.14769835770130158,"y":0.08622198551893234,"z":-0.012926649302244187,"w":-0.9851821660995483},"size":22.3303165435791,"orthographic":false}