{"cameraMode":{"drawMode":0,"name":"Shaded","section":"Shading Mode"},"sceneLighting":false,"audioPlay":false,"sceneViewState":{"showFog":true,"showMaterialUpdate":false,"showSkybox":true,"showFlares":true,"showImageEffects":true,"showParticleSystems":true},"in2DMode":false,"pivot":{"x":0.11194227635860443,"y":0.746243417263031,"z":0.27851659059524538},"rotation":{"x":-0.12058243155479431,"y":0.24653437733650208,"z":-0.0309306513518095,"w":-0.9611056447029114},"size":4.426564693450928,"orthographic":false}