{"cameraMode":{"drawMode":0,"name":"Shaded","section":"Shading Mode"},"sceneLighting":true,"audioPlay":false,"sceneViewState":{"showFog":true,"showMaterialUpdate":true,"showSkybox":true,"showFlares":true,"showImageEffects":true,"showParticleSystems":true},"in2DMode":false,"pivot":{"x":-0.4681002199649811,"y":0.7051427364349365,"z":-2.330592155456543},"rotation":{"x":-0.19570353627204896,"y":-0.764541506767273,"z":0.5508043766021729,"w":-0.27164512872695925},"size":35.27142333984375,"orthographic":false}