{"cameraMode":{"drawMode":0,"name":"Shaded","section":"Shading Mode"},"sceneLighting":false,"audioPlay":false,"sceneViewState":{"showFog":true,"showMaterialUpdate":false,"showSkybox":true,"showFlares":true,"showImageEffects":true,"showParticleSystems":true},"in2DMode":false,"pivot":{"x":1.4240540266036988,"y":-0.28633368015289309,"z":0.69875568151474},"rotation":{"x":-0.12058243155479431,"y":0.24653437733650208,"z":-0.0309306513518095,"w":-0.9611056447029114},"size":3.0000569820404054,"orthographic":false}