{"cameraMode":{"drawMode":0,"name":"Shaded","section":"Shading Mode"},"sceneLighting":false,"audioPlay":false,"sceneViewState":{"showFog":true,"showMaterialUpdate":false,"showSkybox":true,"showFlares":true,"showImageEffects":true,"showParticleSystems":true},"in2DMode":false,"pivot":{"x":0.020154820755124093,"y":0.5480878353118897,"z":0.1704786866903305},"rotation":{"x":-0.12058243155479431,"y":0.24653437733650208,"z":-0.0309306513518095,"w":-0.9611056447029114},"size":6.300058364868164,"orthographic":false}