{"cameraMode":{"drawMode":0,"name":"Shaded","section":"Shading Mode"},"sceneLighting":false,"audioPlay":false,"sceneViewState":{"showFog":true,"showMaterialUpdate":true,"showSkybox":true,"showFlares":true,"showImageEffects":true,"showParticleSystems":true},"in2DMode":false,"pivot":{"x":0.0,"y":-1.7038311958312989,"z":1.7993383407592774},"rotation":{"x":-0.016450220718979837,"y":-0.9591367840766907,"z":0.27664676308631899,"w":-0.0570325143635273},"size":17.933025360107423,"orthographic":false}