{"cameraMode":{"drawMode":0,"name":"Shaded","section":"Shading Mode"},"sceneLighting":false,"audioPlay":false,"sceneViewState":{"showFog":true,"showMaterialUpdate":false,"showSkybox":true,"showFlares":true,"showImageEffects":true,"showParticleSystems":true},"in2DMode":false,"pivot":{"x":575.6866455078125,"y":65.48893737792969,"z":312.64178466796877},"rotation":{"x":-0.1574847251176834,"y":0.11878177523612976,"z":-0.019084811210632325,"w":-0.980165958404541},"size":1245.0615234375,"orthographic":false}