{"cameraMode":{"drawMode":0,"name":"Shaded","section":"Shading Mode"},"sceneLighting":false,"audioPlay":false,"sceneViewState":{"showFog":true,"showMaterialUpdate":false,"showSkybox":true,"showFlares":true,"showImageEffects":true,"showParticleSystems":true},"in2DMode":false,"pivot":{"x":10.97385311126709,"y":5.789999961853027,"z":-20.74005699157715},"rotation":{"x":-0.12058243155479431,"y":0.24653437733650208,"z":-0.0309306513518095,"w":-0.9611056447029114},"size":-17.747243881225587,"orthographic":false}