{"cameraMode":{"drawMode":0,"name":"Shaded","section":"Shading Mode"},"sceneLighting":false,"audioPlay":false,"sceneViewState":{"showFog":true,"showMaterialUpdate":false,"showSkybox":true,"showFlares":true,"showImageEffects":true,"showParticleSystems":true},"in2DMode":false,"pivot":{"x":-0.20972204208374024,"y":-0.11291593313217163,"z":0.015850305557250978},"rotation":{"x":-0.12058243155479431,"y":0.24653437733650208,"z":-0.0309306513518095,"w":-0.9611056447029114},"size":5.057612419128418,"orthographic":false}