{"cameraMode":{"drawMode":0,"name":"Shaded","section":"Shading Mode"},"sceneLighting":false,"audioPlay":false,"sceneViewState":{"showFog":true,"showMaterialUpdate":true,"showSkybox":true,"showFlares":true,"showImageEffects":true,"showParticleSystems":true},"in2DMode":false,"pivot":{"x":-0.1599999964237213,"y":1.375356674194336,"z":3.0299999713897707},"rotation":{"x":-0.27913907170295718,"y":-0.12287449836730957,"z":0.03604063391685486,"w":-0.9516744613647461},"size":0.7718901634216309,"orthographic":false}