{"cameraMode":{"drawMode":0,"name":"Shaded","section":"Shading Mode"},"sceneLighting":false,"audioPlay":false,"sceneViewState":{"showFog":true,"showMaterialUpdate":true,"showSkybox":true,"showFlares":true,"showImageEffects":true,"showParticleSystems":true},"in2DMode":false,"pivot":{"x":2.5035648345947267,"y":2.8494999408721926,"z":-8.702604293823243},"rotation":{"x":-0.016450220718979837,"y":-0.9591367840766907,"z":0.27664676308631899,"w":-0.0570325143635273},"size":31.32794952392578,"orthographic":false}