{"cameraMode":{"drawMode":0,"name":"Shaded","section":"Shading Mode"},"sceneLighting":false,"audioPlay":false,"sceneViewState":{"showFog":true,"showMaterialUpdate":false,"showSkybox":true,"showFlares":true,"showImageEffects":true,"showParticleSystems":true},"in2DMode":false,"pivot":{"x":0.5198961496353149,"y":0.12915781140327454,"z":-0.53932785987854},"rotation":{"x":-0.16267873346805573,"y":-0.4140460789203644,"z":0.07547648251056671,"w":-0.8924151659011841},"size":0.9000572562217712,"orthographic":false}