{"cameraMode":{"drawMode":0,"name":"Shaded","section":"Shading Mode"},"sceneLighting":false,"audioPlay":false,"sceneViewState":{"showFog":true,"showMaterialUpdate":true,"showSkybox":true,"showFlares":true,"showImageEffects":true,"showParticleSystems":true},"in2DMode":false,"pivot":{"x":-6.026017189025879,"y":1.2876120805740357,"z":-1.535115361213684},"rotation":{"x":-0.016450220718979837,"y":-0.9591367840766907,"z":0.27664676308631899,"w":-0.0570325143635273},"size":7.337327003479004,"orthographic":false}