{"cameraMode":{"drawMode":0,"name":"Shaded","section":"Shading Mode"},"sceneLighting":false,"audioPlay":false,"sceneViewState":{"showFog":true,"showMaterialUpdate":false,"showSkybox":true,"showFlares":true,"showImageEffects":true,"showParticleSystems":true},"in2DMode":false,"pivot":{"x":2.4751222133636476,"y":3.8318586349487306,"z":17.4129638671875},"rotation":{"x":-0.05033927783370018,"y":0.9488160014152527,"z":-0.24006053805351258,"w":-0.19896017014980317},"size":1.7384352684020997,"orthographic":false}