{"cameraMode":{"drawMode":0,"name":"Shaded","section":"Shading Mode"},"sceneLighting":false,"audioPlay":false,"sceneViewState":{"showFog":true,"showMaterialUpdate":false,"showSkybox":true,"showFlares":true,"showImageEffects":true,"showParticleSystems":true},"in2DMode":false,"pivot":{"x":4.789999961853027,"y":1.2699998617172242,"z":6.659999847412109},"rotation":{"x":0.0513458251953125,"y":0.6216766834259033,"z":0.04089682176709175,"w":-0.7805185317993164},"size":7.379025936126709,"orthographic":false}