{"cameraMode":{"drawMode":0,"name":"Shaded","section":"Shading Mode"},"sceneLighting":false,"audioPlay":false,"sceneViewState":{"showFog":true,"showMaterialUpdate":false,"showSkybox":true,"showFlares":true,"showImageEffects":true,"showParticleSystems":true},"in2DMode":false,"pivot":{"x":1.5783700942993165,"y":1.3755751848220826,"z":2.712374687194824},"rotation":{"x":-0.0072833276353776459,"y":0.970247209072113,"z":-0.029417360201478006,"w":-0.2402123510837555},"size":7.928422451019287,"orthographic":false}