{"cameraMode":{"drawMode":0,"name":"Shaded","section":"Shading Mode"},"sceneLighting":false,"audioPlay":false,"sceneViewState":{"showFog":true,"showMaterialUpdate":false,"showSkybox":true,"showFlares":true,"showImageEffects":true,"showParticleSystems":true},"in2DMode":false,"pivot":{"x":-0.001068878103978932,"y":-0.00012015738320769742,"z":0.00018119392916560173},"rotation":{"x":0.16731907427310944,"y":0.4947686195373535,"z":-0.09772144258022309,"w":0.847147524356842},"size":0.00024248661065939814,"orthographic":true}