{"cameraMode":{"drawMode":0,"name":"Shaded","section":"Shading Mode"},"sceneLighting":true,"audioPlay":false,"sceneViewState":{"showFog":true,"showMaterialUpdate":false,"showSkybox":true,"showFlares":true,"showImageEffects":true,"showParticleSystems":true},"in2DMode":false,"pivot":{"x":2.4900002479553224,"y":-1.5199999809265137,"z":3.864867687225342},"rotation":{"x":0.18989871442317964,"y":0.19500139355659486,"z":-0.0385134257376194,"w":0.9614726901054382},"size":47.362056732177737,"orthographic":true}