{"cameraMode":{"drawMode":0,"name":"Shaded","section":"Shading Mode"},"sceneLighting":true,"audioPlay":false,"sceneViewState":{"showFog":true,"showMaterialUpdate":false,"showSkybox":true,"showFlares":true,"showImageEffects":true,"showParticleSystems":true},"in2DMode":false,"pivot":{"x":-33.73671340942383,"y":72.54459381103516,"z":73.48275756835938},"rotation":{"x":0.08962170034646988,"y":0.9048385620117188,"z":-0.3421332538127899,"w":0.2370232194662094},"size":2.8578836917877199,"orthographic":true}