{"cameraMode":{"drawMode":0,"name":"Shaded","section":"Shading Mode"},"sceneLighting":true,"audioPlay":false,"sceneViewState":{"showFog":true,"showMaterialUpdate":false,"showSkybox":true,"showFlares":true,"showImageEffects":true,"showParticleSystems":true},"in2DMode":false,"pivot":{"x":-8.966730117797852,"y":13.95683479309082,"z":-5.164958477020264},"rotation":{"x":0.10949552059173584,"y":0.4255833327770233,"z":-0.05196428298950195,"w":0.8967660665512085},"size":42.95915222167969,"orthographic":true}