{"cameraMode":{"drawMode":0,"name":"Shaded","section":"Shading Mode"},"sceneLighting":false,"audioPlay":false,"sceneViewState":{"showFog":true,"showMaterialUpdate":false,"showSkybox":true,"showFlares":true,"showImageEffects":true,"showParticleSystems":true},"in2DMode":false,"pivot":{"x":-1.360112190246582,"y":0.2658858299255371,"z":0.9876924753189087},"rotation":{"x":-0.28955724835395815,"y":0.6496788859367371,"z":-0.29481688141822817,"w":-0.6380885243415833},"size":9.333808898925782,"orthographic":false}