{"cameraMode":{"drawMode":0,"name":"Shaded","section":"Shading Mode"},"sceneLighting":false,"audioPlay":false,"sceneViewState":{"showFog":true,"showMaterialUpdate":false,"showSkybox":true,"showFlares":true,"showImageEffects":true,"showParticleSystems":true},"in2DMode":false,"pivot":{"x":327.43280029296877,"y":159.45269775390626,"z":185.12889099121095},"rotation":{"x":0.15985557436943055,"y":0.2114352434873581,"z":-0.03507600724697113,"w":0.9635927677154541},"size":2228.589599609375,"orthographic":true}