{"cameraMode":{"drawMode":0,"name":"Shaded","section":"Shading Mode"},"sceneLighting":true,"audioPlay":false,"sceneViewState":{"showFog":true,"showMaterialUpdate":false,"showSkybox":true,"showFlares":true,"showImageEffects":true,"showParticleSystems":true},"in2DMode":false,"pivot":{"x":89.31490325927735,"y":14.71875,"z":67.27783203125},"rotation":{"x":-0.7123701572418213,"y":-0.005263440310955048,"z":-0.005342959426343441,"w":0.7017638087272644},"size":174.8448028564453,"orthographic":true}