{"cameraMode":{"drawMode":0,"name":"Shaded","section":"Shading Mode"},"sceneLighting":false,"audioPlay":false,"sceneViewState":{"showFog":true,"showMaterialUpdate":false,"showSkybox":true,"showFlares":true,"showImageEffects":true,"showParticleSystems":true},"in2DMode":false,"pivot":{"x":487.5,"y":205.65228271484376,"z":421.6499938964844},"rotation":{"x":0.31997376680374148,"y":-0.172907754778862,"z":0.05951496213674545,"w":0.9296116232872009},"size":5002.08056640625,"orthographic":true}