{"cameraMode":{"drawMode":0,"name":"Shaded","section":"Shading Mode"},"sceneLighting":false,"audioPlay":false,"sceneViewState":{"showFog":true,"showMaterialUpdate":false,"showSkybox":true,"showFlares":true,"showImageEffects":true,"showParticleSystems":true},"in2DMode":false,"pivot":{"x":-2.3719401359558107,"y":4.312510967254639,"z":1.355350136756897},"rotation":{"x":0.31859758496284487,"y":0.6420706510543823,"z":0.3342694640159607,"w":-0.6119680404663086},"size":10.350790023803711,"orthographic":false}