{"cameraMode":{"drawMode":0,"name":"Shaded","section":"Shading Mode"},"sceneLighting":true,"audioPlay":false,"sceneViewState":{"showFog":true,"showMaterialUpdate":false,"showSkybox":true,"showFlares":true,"showImageEffects":true,"showParticleSystems":true},"in2DMode":false,"pivot":{"x":334.54608154296877,"y":36.71181106567383,"z":115.67869567871094},"rotation":{"x":0.07320454716682434,"y":-0.0786033570766449,"z":0.005787400528788567,"w":0.9941977262496948},"size":401.46234130859377,"orthographic":true}