{"cameraMode":{"drawMode":0,"name":"Shaded","section":"Shading Mode"},"sceneLighting":false,"audioPlay":false,"sceneViewState":{"showFog":true,"showMaterialUpdate":false,"showSkybox":true,"showFlares":true,"showImageEffects":true,"showParticleSystems":true},"in2DMode":false,"pivot":{"x":-1.555084228515625,"y":0.595097541809082,"z":0.11109161376953125},"rotation":{"x":-0.08817905187606812,"y":0.8970842361450195,"z":-0.2084474414587021,"w":-0.3794917166233063},"size":18.95705795288086,"orthographic":false}