{"cameraMode":{"drawMode":0,"name":"Shaded","section":"Shading Mode"},"sceneLighting":false,"audioPlay":false,"sceneViewState":{"showFog":true,"showMaterialUpdate":false,"showSkybox":true,"showFlares":true,"showImageEffects":true,"showParticleSystems":true},"in2DMode":false,"pivot":{"x":-3.240000009536743,"y":4.420000076293945,"z":9.399999618530274},"rotation":{"x":-0.004198039881885052,"y":-0.6750196218490601,"z":-0.003841098863631487,"w":0.7377778887748718},"size":6.6082444190979,"orthographic":false}