{"cameraMode":{"drawMode":0,"name":"Shaded","section":"Shading Mode"},"sceneLighting":true,"audioPlay":false,"sceneViewState":{"showFog":true,"showMaterialUpdate":false,"showSkybox":true,"showFlares":true,"showImageEffects":true,"showParticleSystems":true},"in2DMode":false,"pivot":{"x":-35.5089111328125,"y":-7.269139289855957,"z":23.655029296875},"rotation":{"x":0.18989871442317964,"y":0.19500139355659486,"z":-0.0385134257376194,"w":0.9614726901054382},"size":113.93863677978516,"orthographic":true}