{"cameraMode":{"drawMode":0,"name":"Shaded","section":"Shading Mode"},"sceneLighting":false,"audioPlay":false,"sceneViewState":{"showFog":true,"showMaterialUpdate":false,"showSkybox":true,"showFlares":true,"showImageEffects":true,"showParticleSystems":true},"in2DMode":false,"pivot":{"x":10.97385311126709,"y":5.789999961853027,"z":-20.74005699157715},"rotation":{"x":0.39410698413848879,"y":0.5855212211608887,"z":-0.39034348726272585,"w":0.5911655426025391},"size":0.811640202999115,"orthographic":true}