{"cameraMode":{"drawMode":0,"name":"Shaded","section":"Shading Mode"},"sceneLighting":false,"audioPlay":false,"sceneViewState":{"showFog":true,"showMaterialUpdate":false,"showSkybox":true,"showFlares":true,"showImageEffects":true,"showParticleSystems":true},"in2DMode":false,"pivot":{"x":-3.133382797241211,"y":0.9673479199409485,"z":-6.729596138000488},"rotation":{"x":-0.004283390939235687,"y":-0.6582497954368591,"z":-0.003745688358321786,"w":0.7527781128883362},"size":1.1093072891235352,"orthographic":false}