{"cameraMode":{"drawMode":0,"name":"Shaded","section":"Shading Mode"},"sceneLighting":true,"audioPlay":false,"sceneViewState":{"showFog":true,"showMaterialUpdate":false,"showSkybox":true,"showFlares":true,"showImageEffects":true,"showParticleSystems":true},"in2DMode":false,"pivot":{"x":-1.0546875,"y":3.097227096557617,"z":-3.161581039428711},"rotation":{"x":0.04867853596806526,"y":-0.7064815759658814,"z":0.04882480576634407,"w":0.7043651938438416},"size":8.39509105682373,"orthographic":true}