{"cameraMode":{"drawMode":0,"name":"Shaded","section":"Shading Mode"},"sceneLighting":true,"audioPlay":false,"sceneViewState":{"showFog":true,"showMaterialUpdate":false,"showSkybox":true,"showFlares":true,"showImageEffects":true,"showParticleSystems":true},"in2DMode":false,"pivot":{"x":-132.88296508789063,"y":208.99880981445313,"z":-215.84982299804688},"rotation":{"x":0.2359691709280014,"y":0.6755236387252808,"z":-0.24344989657402039,"w":0.6547660231590271},"size":697.4340209960938,"orthographic":true}