{"cameraMode":{"drawMode":0,"name":"Shaded","section":"Shading Mode"},"sceneLighting":true,"audioPlay":false,"sceneViewState":{"showFog":true,"showMaterialUpdate":false,"showSkybox":true,"showFlares":true,"showImageEffects":true,"showParticleSystems":true},"in2DMode":false,"pivot":{"x":-5.118762969970703,"y":-0.8803678750991821,"z":1.3092265129089356},"rotation":{"x":0.15232014656066895,"y":0.3245595693588257,"z":-0.05304129794239998,"w":0.9320119619369507},"size":55.79914093017578,"orthographic":true}