{"cameraMode":{"drawMode":0,"name":"Shaded","section":"Shading Mode"},"sceneLighting":true,"audioPlay":false,"sceneViewState":{"showFog":true,"showMaterialUpdate":false,"showSkybox":true,"showFlares":true,"showImageEffects":true,"showParticleSystems":true},"in2DMode":false,"pivot":{"x":0.2441120147705078,"y":0.2257976531982422,"z":0.007288217544555664},"rotation":{"x":0.022779911756515504,"y":-0.8142408132553101,"z":0.032024089246988299,"w":0.5791954398155212},"size":11.950421333312989,"orthographic":false}