{"cameraMode":{"drawMode":0,"name":"Shaded","section":"Shading Mode"},"sceneLighting":false,"audioPlay":false,"sceneViewState":{"showFog":true,"showMaterialUpdate":false,"showSkybox":true,"showFlares":true,"showImageEffects":true,"showParticleSystems":true},"in2DMode":false,"pivot":{"x":2.3499999046325685,"y":4.210000038146973,"z":17.329999923706056},"rotation":{"x":0.024120235815644265,"y":-0.7417520880699158,"z":0.026713283732533456,"w":0.6697077751159668},"size":1.4384351968765259,"orthographic":true}