{"cameraMode":{"drawMode":0,"name":"Shaded","section":"Shading Mode"},"sceneLighting":false,"audioPlay":false,"sceneViewState":{"showFog":true,"showMaterialUpdate":false,"showSkybox":true,"showFlares":true,"showImageEffects":true,"showParticleSystems":true},"in2DMode":false,"pivot":{"x":10.078742980957032,"y":5.363285064697266,"z":-21.658802032470704},"rotation":{"x":0.27631375193595889,"y":0.7118218541145325,"z":-0.3732990324497223,"w":0.5268853902816773},"size":7.26352596282959,"orthographic":true}