{"cameraMode":{"drawMode":0,"name":"Shaded","section":"Shading Mode"},"sceneLighting":true,"audioPlay":false,"sceneViewState":{"showFog":true,"showMaterialUpdate":false,"showSkybox":true,"showFlares":true,"showImageEffects":true,"showParticleSystems":true},"in2DMode":false,"pivot":{"x":-3.556673765182495,"y":-0.17728805541992188,"z":4.4708147048950199},"rotation":{"x":0.18989871442317964,"y":0.19500139355659486,"z":-0.0385134257376194,"w":0.9614726901054382},"size":15.658878326416016,"orthographic":true}