{"cameraMode":{"drawMode":0,"name":"Shaded","section":"Shading Mode"},"sceneLighting":false,"audioPlay":false,"sceneViewState":{"showFog":true,"showMaterialUpdate":false,"showSkybox":true,"showFlares":true,"showImageEffects":true,"showParticleSystems":true},"in2DMode":false,"pivot":{"x":424.3437805175781,"y":206.64271545410157,"z":239.921875},"rotation":{"x":0.061670154333114627,"y":0.056855544447898868,"z":-0.003518709447234869,"w":0.9964697360992432},"size":2888.190185546875,"orthographic":false}