{"cameraMode":{"drawMode":0,"name":"Shaded","section":"Shading Mode"},"sceneLighting":true,"audioPlay":false,"sceneViewState":{"showFog":true,"showMaterialUpdate":false,"showSkybox":true,"showFlares":true,"showImageEffects":true,"showParticleSystems":true},"in2DMode":false,"pivot":{"x":6.079825401306152,"y":-0.6899999380111694,"z":0.10000073909759522},"rotation":{"x":0.08962170034646988,"y":0.9048385620117188,"z":-0.3421332538127899,"w":0.2370232194662094},"size":3.777022361755371,"orthographic":true}