{"cameraMode":{"drawMode":0,"name":"Shaded","section":"Shading Mode"},"sceneLighting":true,"audioPlay":false,"sceneViewState":{"showFog":true,"showMaterialUpdate":false,"showSkybox":true,"showFlares":true,"showImageEffects":true,"showParticleSystems":true},"in2DMode":false,"pivot":{"x":-7.5661821365356449,"y":-5.455833435058594,"z":3.640976905822754},"rotation":{"x":0.3589325547218323,"y":0.041143208742141727,"z":-0.015838664025068284,"w":0.9323217868804932},"size":15.658878326416016,"orthographic":true}