{"cameraMode":{"drawMode":0,"name":"Shaded","section":"Shading Mode"},"sceneLighting":true,"audioPlay":false,"sceneViewState":{"showFog":true,"showMaterialUpdate":false,"showSkybox":true,"showFlares":true,"showImageEffects":true,"showParticleSystems":true},"in2DMode":false,"pivot":{"x":277.31072998046877,"y":77.14663696289063,"z":-6.212503910064697},"rotation":{"x":0.19670073688030244,"y":0.007942740805447102,"z":-0.001592501881532371,"w":0.9804301261901856},"size":312.340087890625,"orthographic":true}