{"cameraMode":{"drawMode":0,"name":"Shaded","section":"Shading Mode"},"sceneLighting":false,"audioPlay":false,"sceneViewState":{"showFog":true,"showMaterialUpdate":false,"showSkybox":true,"showFlares":true,"showImageEffects":true,"showParticleSystems":true},"in2DMode":false,"pivot":{"x":-0.00098590855486691,"y":-0.00006103516352595761,"z":0.00107833300717175},"rotation":{"x":0.4406532347202301,"y":0.17884333431720735,"z":-0.09006030112504959,"w":0.8750594258308411},"size":0.000547617906704545,"orthographic":true}