{"cameraMode":{"drawMode":0,"name":"Shaded","section":"Shading Mode"},"sceneLighting":false,"audioPlay":false,"sceneViewState":{"showFog":true,"showMaterialUpdate":false,"showSkybox":true,"showFlares":true,"showImageEffects":true,"showParticleSystems":true},"in2DMode":false,"pivot":{"x":0.009999990463256836,"y":2.024897575378418,"z":4.260000228881836},"rotation":{"x":0.03580600023269653,"y":-0.8007122874259949,"z":0.048099201172590259,"w":0.5960404872894287},"size":6.6082444190979,"orthographic":true}