{"cameraMode":{"drawMode":0,"name":"Shaded","section":"Shading Mode"},"sceneLighting":true,"audioPlay":false,"sceneViewState":{"showFog":true,"showMaterialUpdate":false,"showSkybox":true,"showFlares":true,"showImageEffects":true,"showParticleSystems":true},"in2DMode":false,"pivot":{"x":60.43539810180664,"y":-2.453125,"z":35.894775390625},"rotation":{"x":-0.6716985106468201,"y":-0.0017779310001060367,"z":-0.0016095445025712252,"w":0.7408207058906555},"size":96.89929962158203,"orthographic":true}