{"cameraMode":{"drawMode":0,"name":"Shaded","section":"Shading Mode"},"sceneLighting":true,"audioPlay":false,"sceneViewState":{"showFog":true,"showMaterialUpdate":false,"showSkybox":true,"showFlares":true,"showImageEffects":true,"showParticleSystems":true},"in2DMode":false,"pivot":{"x":-1.462890625,"y":2.352294921875,"z":16.227676391601564},"rotation":{"x":0.047939009964466098,"y":-0.5996352434158325,"z":0.036020055413246158,"w":0.7980238199234009},"size":9.321321487426758,"orthographic":true}