{"cameraMode":{"drawMode":0,"name":"Shaded","section":"Shading Mode"},"sceneLighting":true,"audioPlay":false,"sceneViewState":{"showFog":true,"showMaterialUpdate":false,"showSkybox":true,"showFlares":true,"showImageEffects":true,"showParticleSystems":true},"in2DMode":false,"pivot":{"x":0.000004387366061564535,"y":-0.00003337860107421875,"z":-0.0005004880949854851},"rotation":{"x":0.11822159588336945,"y":0.0020872526802122595,"z":-0.00024669914273545146,"w":0.9929850101470947},"size":0.00013664322614204139,"orthographic":true}