{"cameraMode":{"drawMode":0,"name":"Shaded","section":"Shading Mode"},"sceneLighting":true,"audioPlay":false,"sceneViewState":{"showFog":true,"showMaterialUpdate":false,"showSkybox":true,"showFlares":true,"showImageEffects":true,"showParticleSystems":true},"in2DMode":false,"pivot":{"x":64.880859375,"y":14.359375,"z":38.88450622558594},"rotation":{"x":-0.7257552146911621,"y":0.015473186038434506,"z":0.016332199797034265,"w":0.6875849962234497},"size":103.48310852050781,"orthographic":true}