{"cameraMode":{"drawMode":0,"name":"Shaded","section":"Shading Mode"},"sceneLighting":false,"audioPlay":false,"sceneViewState":{"showFog":true,"showMaterialUpdate":false,"showSkybox":true,"showFlares":true,"showImageEffects":true,"showParticleSystems":true},"in2DMode":false,"pivot":{"x":0.009999990463256836,"y":2.024897575378418,"z":4.260000228881836},"rotation":{"x":-0.08832722902297974,"y":-0.09042049944400788,"z":0.008051584474742413,"w":-0.9919463992118836},"size":6.6082444190979,"orthographic":false}