{"cameraMode":{"drawMode":0,"name":"Shaded","section":"Shading Mode"},"sceneLighting":true,"audioPlay":false,"sceneViewState":{"showFog":true,"showMaterialUpdate":false,"showSkybox":true,"showFlares":true,"showImageEffects":true,"showParticleSystems":true},"in2DMode":false,"pivot":{"x":196.77005004882813,"y":145.92800903320313,"z":386.98614501953127},"rotation":{"x":-0.0710829347372055,"y":-0.3268037736415863,"z":0.02465827763080597,"w":-0.9420926570892334},"size":2231.69189453125,"orthographic":false}