{"cameraMode":{"drawMode":0,"name":"Shaded","section":"Shading Mode"},"sceneLighting":false,"audioPlay":false,"sceneViewState":{"showFog":true,"showMaterialUpdate":false,"showSkybox":true,"showFlares":true,"showImageEffects":true,"showParticleSystems":true},"in2DMode":false,"pivot":{"x":4.949999809265137,"y":5.15000057220459,"z":10.460000038146973},"rotation":{"x":-0.08832722902297974,"y":-0.09042049944400788,"z":0.008051584474742413,"w":-0.9919463992118836},"size":19.824737548828126,"orthographic":false}