{"cameraMode":{"drawMode":0,"name":"Shaded","section":"Shading Mode"},"sceneLighting":false,"audioPlay":false,"sceneViewState":{"showFog":true,"showMaterialUpdate":false,"showSkybox":true,"showFlares":true,"showImageEffects":true,"showParticleSystems":true},"in2DMode":false,"pivot":{"x":-3.240000009536743,"y":4.420000076293945,"z":9.399999618530274},"rotation":{"x":-0.08832722902297974,"y":-0.09042049944400788,"z":0.008051584474742413,"w":-0.9919463992118836},"size":6.6082444190979,"orthographic":false}