{"cameraMode":{"drawMode":0,"name":"Shaded","section":"Shading Mode"},"sceneLighting":false,"audioPlay":false,"sceneViewState":{"showFog":true,"showMaterialUpdate":false,"showSkybox":true,"showFlares":true,"showImageEffects":true,"showParticleSystems":true},"in2DMode":false,"pivot":{"x":2749.501220703125,"y":226.15228271484376,"z":859.30029296875},"rotation":{"x":0.11305017024278641,"y":-0.7667781710624695,"z":-0.14071863889694215,"w":-0.6160107851028442},"size":2225.60302734375,"orthographic":false}