{"cameraMode":{"drawMode":0,"name":"Shaded","section":"Shading Mode"},"sceneLighting":false,"audioPlay":false,"sceneViewState":{"showFog":true,"showMaterialUpdate":false,"showSkybox":true,"showFlares":true,"showImageEffects":true,"showParticleSystems":true},"in2DMode":false,"pivot":{"x":0.13287129998207093,"y":0.5255069732666016,"z":0.21186041831970216},"rotation":{"x":-0.14042650163173676,"y":0.03860348090529442,"z":-0.0054793707095086578,"w":-0.9893231391906738},"size":2.3334522247314455,"orthographic":false}