{"cameraMode":{"drawMode":0,"name":"Shaded","section":"Shading Mode"},"sceneLighting":false,"audioPlay":false,"sceneViewState":{"showFog":true,"showMaterialUpdate":false,"showSkybox":true,"showFlares":true,"showImageEffects":true,"showParticleSystems":true},"in2DMode":false,"pivot":{"x":474.2501525878906,"y":228.0500030517578,"z":0.5090487599372864},"rotation":{"x":0.029992667958140374,"y":0.013493798673152924,"z":0.0004050180141348392,"w":-0.9994589686393738},"size":1739.3436279296875,"orthographic":false}