{"cameraMode":{"drawMode":0,"name":"Shaded","section":"Shading Mode"},"sceneLighting":false,"audioPlay":false,"sceneViewState":{"showFog":true,"showMaterialUpdate":false,"showSkybox":true,"showFlares":true,"showImageEffects":true,"showParticleSystems":true},"in2DMode":false,"pivot":{"x":320.911865234375,"y":67.829833984375,"z":-98.44115447998047},"rotation":{"x":-0.04797552153468132,"y":0.01618093252182007,"z":-0.0007771626696921885,"w":-0.998717188835144},"size":399.3968505859375,"orthographic":false}