{"cameraMode":{"drawMode":0,"name":"Shaded","section":"Shading Mode"},"sceneLighting":false,"audioPlay":false,"sceneViewState":{"showFog":true,"showMaterialUpdate":false,"showSkybox":true,"showFlares":true,"showImageEffects":true,"showParticleSystems":true},"in2DMode":false,"pivot":{"x":0.08776624500751496,"y":0.17534545063972474,"z":0.02751636505126953},"rotation":{"x":-0.07043380290269852,"y":0.01496246736496687,"z":-0.0010565229458734394,"w":-0.9974036812782288},"size":2.8578836917877199,"orthographic":false}