{"cameraMode":{"drawMode":0,"name":"Shaded","section":"Shading Mode"},"sceneLighting":false,"audioPlay":false,"sceneViewState":{"showFog":true,"showMaterialUpdate":false,"showSkybox":true,"showFlares":true,"showImageEffects":true,"showParticleSystems":true},"in2DMode":false,"pivot":{"x":-73.01556396484375,"y":72.5498046875,"z":-4.3898162841796879},"rotation":{"x":-0.07043380290269852,"y":0.01496246736496687,"z":-0.0010565229458734394,"w":-0.9974036812782288},"size":137.04551696777345,"orthographic":false}