{"cameraMode":{"drawMode":0,"name":"Shaded","section":"Shading Mode"},"sceneLighting":false,"audioPlay":false,"sceneViewState":{"showFog":true,"showMaterialUpdate":false,"showSkybox":true,"showFlares":true,"showImageEffects":true,"showParticleSystems":true},"in2DMode":false,"pivot":{"x":702.47021484375,"y":126.02021789550781,"z":22.537460327148439},"rotation":{"x":-0.03749871253967285,"y":0.2737441956996918,"z":-0.010681353509426117,"w":-0.9610119462013245},"size":590.0791015625,"orthographic":false}