{"cameraMode":{"drawMode":0,"name":"Shaded","section":"Shading Mode"},"sceneLighting":false,"audioPlay":false,"sceneViewState":{"showFog":true,"showMaterialUpdate":false,"showSkybox":true,"showFlares":true,"showImageEffects":true,"showParticleSystems":true},"in2DMode":false,"pivot":{"x":563.0,"y":226.15228271484376,"z":421.6499938964844},"rotation":{"x":-0.03749871253967285,"y":0.2737441956996918,"z":-0.010681353509426117,"w":-0.9610119462013245},"size":1734.7156982421875,"orthographic":false}