{"cameraMode":{"drawMode":0,"name":"Shaded","section":"Shading Mode"},"sceneLighting":false,"audioPlay":false,"sceneViewState":{"showFog":true,"showMaterialUpdate":false,"showSkybox":true,"showFlares":true,"showImageEffects":true,"showParticleSystems":true},"in2DMode":false,"pivot":{"x":607.503173828125,"y":50.6044921875,"z":376.44677734375},"rotation":{"x":0.11305017024278641,"y":-0.7667781710624695,"z":-0.14071863889694215,"w":-0.6160107851028442},"size":268.6005554199219,"orthographic":false}