{"cameraMode":{"drawMode":0,"name":"Shaded","section":"Shading Mode"},"sceneLighting":false,"audioPlay":false,"sceneViewState":{"showFog":true,"showMaterialUpdate":false,"showSkybox":true,"showFlares":true,"showImageEffects":true,"showParticleSystems":true},"in2DMode":false,"pivot":{"x":568.5,"y":226.15228271484376,"z":429.6499938964844},"rotation":{"x":0.0008321338100358844,"y":0.8318862915039063,"z":0.0012477184645831586,"w":-0.5549441576004028},"size":4994.521484375,"orthographic":false}