{"cameraMode":{"drawMode":0,"name":"Shaded","section":"Shading Mode"},"sceneLighting":false,"audioPlay":false,"sceneViewState":{"showFog":true,"showMaterialUpdate":false,"showSkybox":true,"showFlares":true,"showImageEffects":true,"showParticleSystems":true},"in2DMode":false,"pivot":{"x":539.0,"y":215.15228271484376,"z":429.3999938964844},"rotation":{"x":-0.0003097651351708919,"y":0.008097168989479542,"z":-0.0000024469468371535187,"w":-0.9999672174453735},"size":4994.755859375,"orthographic":false}