{"cameraMode":{"drawMode":0,"name":"Shaded","section":"Shading Mode"},"sceneLighting":true,"audioPlay":false,"sceneViewState":{"showFog":true,"showMaterialUpdate":false,"showSkybox":true,"showFlares":true,"showImageEffects":true,"showParticleSystems":true},"in2DMode":false,"pivot":{"x":665.0884399414063,"y":193.67007446289063,"z":0.0},"rotation":{"x":0.053612273186445239,"y":0.04401945322751999,"z":0.00236575142480433,"w":-0.9975883364677429},"size":265.6096496582031,"orthographic":false}